{"d":{"__type":"BCPAClient.WcfServiceBCPA.PropertyGeneralInfo","ExtensionData":{},"appraizerInfok__BackingField":[{"__type":"BCPAClient.WcfServiceBCPA.APPRInfoProps","ExtensionData":{},"department":"Residential Property","email":"realprop@bcpa.net","firstName":"Residential","folioNumber":null,"lastName":"Department","phoneNumber":"954-357-6831"},{"__type":"BCPAClient.WcfServiceBCPA.APPRInfoProps","ExtensionData":{},"department":"Residential Property","email":"wbarringer@bcpa.net","firstName":"Residential","folioNumber":null,"lastName":"Department","phoneNumber":"954-357-6831"}],"millageRatek__BackingField":[{"ExtensionData":{},"millageRate":"20.5426","millageYear":"2024"}],"parcelInfok__BackingField":[{"__type":"BCPAClient.WcfServiceBCPA.ParcelInformationProps","ExtensionData":{},"actualAge":"1986","assessedLastTwoYearsValue":"$10,265.13","assessedLastYearValue":"$11,316.11","baths":"2","beds":"4","bldgLastTwoYearsValue":"$457,470","bldgLastYearValue":"$539,960","bldgSqFT":"2099","bldgTotSqFootage":"2604","bldgUnderAirFootage":"1720","bldgValue":"$523,590","book1":null,"book2":null,"book3":null,"book4":null,"book5":null,"bookAndPageOrCin1":"117524264","bookAndPageOrCin2":"46828 / 274","bookAndPageOrCin3":"36829 / 18","bookAndPageOrCin4":"30821 / 442","bookAndPageOrCin5":"14043 / 725","cBrow":"","checkTrim":"Y","cityAHAmount":"0","cityMexAmount":"0","cleanAssessment":"","cleanClass":"","cleanDistrict":"","comSohYear":"22","countyAHAmount":"0","countyCommDistrict":"9","countyCommName":"Hazelle Rogers","countyMexAmount":"0","deedType1":"Warranty Deed","deedType2":"Warranty Deed","deedType3":"Warranty Deed","deedType4":"Warranty Deed","deedType5":"Warranty Deed","dpsc":"","drainageAssessment":"","drainageClass":"","drainageDistrict":"","effectiveAge":"1987","elementarySchoolGrade":"A","elementarySchoolName":"Welleby Elementary School","exemptionType":"","fireAssessment":"1","fireClass":"Residential (R)","fireDistrict":"Sunrise Fire Rescue (21)","flHouseRepDistrict":"96","flHouseRepName":"Dan Daley","flSenatorDistrict":"32","flSenatorName":"Rosalind Osgood","flatRateFlag":"","flatRateFlagText":"","folioNumber":"494120250230","garbageAssessment":"","garbageClass":"","garbageDistrict":"","grannyFlatReduction":"0","he1Amount":"0","he2Amount":"0","highSchoolGrade":"B","highSchoolName":"Piper High School","historicDistrict":"","homesteadFlag":", N","homesteadPercent":" ","improvementAssessment":"","improvementClass":"","improvementDistrict":"","independentAHAmount":"0","independentMexAmount":"0","justLastTwoYearsValue":"$509,510","justLastYearValue":"$592,000","justOtherLastTwoYearsValue":"0","justOtherLastYearValue":"0","justOtherValue":"0","justValue":"$575,630","landCalcFact1":"7,709 SqFt","landCalcFact2":null,"landCalcFact3":null,"landCalcFact4":null,"landCalcPrice1":"$6.75","landCalcPrice2":null,"landCalcPrice3":null,"landCalcPrice4":null,"landCalcType1":"Square Foot","landCalcType2":null,"landCalcType3":null,"landCalcType4":null,"landCalcZoning":"RS-5 - RESIDENTIAL SINGLE FAMILY (5 DU/AC)","landLastTwoYearsValue":"$52,040","landLastYearValue":"$52,040","landTag":"21","landValue":"$52,040","legal":"HILLS OF WELLEBY UNIT FOURTEEN 109-41 B LOT 604          ","lightAssessment":"","lightClass":"","lightDistrict":"","mailingAddress1":"4100 NW 10 AVE","mailingAddress2":"OAKLAND PARK, FL 33309","middleSchoolGrade":"C","middleSchoolName":"Westpine Middle School","millageCode":"2112","miscAssessment":"","miscClass":"","miscDistrict":"","multiNote":"","ncuPercent":"","neighborhood":"Welleby","otherExemptValue":null,"ownerAlertVerified":1,"ownerName1":"THEODOSIOU10 INC","ownerName2":"","ownerShipType":null,"page1":null,"page2":null,"page3":null,"page4":null,"page5":null,"pairingCode":"C02","picturePath":"https://web.bcpa.net/Photographs/494120/25/0230/4120250230_3_14_2025_6_28_9.jpg","portabilityValue":"0","problemDeed":"","propertyAppraiser":"Marty Kiar","rejectedDeed":"","safeNeighborhoodAssessment":"","safeNeighborhoodClass":"","safeNeighborhoodDistrict":"","saleDate1":"08/19/2021","saleDate2":"12/15/2009","saleDate3":"01/26/2004","saleDate4":"08/31/2000","saleDate5":"12/01/1986","saleVerification1":"Qualified Sale","saleVerification2":"Qualified Sale","saleVerification3":"","saleVerification4":"","saleVerification5":"","schoolAHAmount":"0","schoolBoardName":"Dr. Jeff Holness","schoolMexAmount":"0","seniorExemptionCity":"0","seniorExemptionCounty":"0","situsAddress":null,"situsAddress1":"9815 NW 43 STREET","situsAddress2":null,"situsCity":"SUNRISE","situsNoUnit":"9815 NW 43 STREET","situsStreetDirection":null,"situsStreetName":null,"situsStreetNumber":"9815","situsStreetType":null,"situsZipCode":"33351-7655","sohCappedValue":null,"sohLastTwoYearsValue":"$465,560","sohLastYearValue":"$512,110","sohSbValue":"$575,630","sohValue":"$563,320","sohYear":" ","stampAmount1":"$460,000","stampAmount2":"$218,000","stampAmount3":"$236,500","stampAmount4":"$140,000","stampAmount5":"$100,000","stormAssessment":"","stormClass":"","stormDistrict":"","taxableAmountCounty":"$563,320","taxableAmountIndependent":"$563,320","taxableAmountMunicipal":"$563,320","taxableAmountSchoolBoard":"$575,630","totalValue":0,"units":"1","usHouseRepDistrict":"20","usHouseRepName":"Sheila Cherfilus-McCormick","useCode":"01-01 Single Family","useCodeName":null,"votingPrecinct":"M028","wvdValue":"0"}],"picturesListk__BackingField":["https://web.bcpa.net/Photographs/494120/25/0230/4120250230_3_14_2025_6_28_9.jpg","https://web.bcpa.net/Photographs/494120/25/0230/4120250230_20210803_134618.jpg","https://web.bcpa.net/Photographs/494120/25/0230/4120250230_20180313_091350.jpg","https://web.bcpa.net/Photographs/494120/25/0230/PUBLIC PHOTO-20150318114613.jpg","https://web.bcpa.net/Photographs/494120/25/0230/PUBLIC PHOTO-20120502134243.jpg"],"recentSalesk__BackingField":[{"__type":"BCPAClient.WcfServiceBCPA.RecentSalesProps","ExtensionData":{},"book":null,"cin":"120413076","folioNumber":"494120250640","page":null,"price":"$550,000","propertyAddress":" 9804 NW 43 ST SUNRISE, FL 33351","qualified":"Qualified Sale","saleDate":"08/27/2025","type":"Warranty Deed"},{"__type":"BCPAClient.WcfServiceBCPA.RecentSalesProps","ExtensionData":{},"book":null,"cin":"119990049","folioNumber":"494120250930","page":null,"price":"$605,000","propertyAddress":" 4120 NW 98 AVE SUNRISE, FL 33351","qualified":"Qualified Sale","saleDate":"12/18/2024","type":"Warranty Deed"},{"__type":"BCPAClient.WcfServiceBCPA.RecentSalesProps","ExtensionData":{},"book":null,"cin":"119915935","folioNumber":"494120251220","page":null,"price":"$574,000","propertyAddress":" 9841 NW 41 CT SUNRISE, FL 33351","qualified":"Qualified Sale","saleDate":"11/13/2024","type":"Warranty Deed"},{"__type":"BCPAClient.WcfServiceBCPA.RecentSalesProps","ExtensionData":{},"book":null,"cin":"119760036","folioNumber":"494120250840","page":null,"price":"$658,900","propertyAddress":" 9713 NW 42 CT SUNRISE, FL 33351","qualified":"Qualified Sale","saleDate":"08/20/2024","type":"Warranty Deed"},{"__type":"BCPAClient.WcfServiceBCPA.RecentSalesProps","ExtensionData":{},"book":null,"cin":"119595074","folioNumber":"494120251010","page":null,"price":"$655,000","propertyAddress":" 9766 NW 41 ST SUNRISE, FL 33351","qualified":"Qualified Sale","saleDate":"05/15/2024","type":"Warranty Deed"}]}}