property_cid,data_group_cid,file_path,error_path,error_message,timestamp
data,bafkreihsx7gg4vbjqpcjxlv6gd3ngsd2ufcg35fzhqw265x5i4x5aan2qa,/tmp/elephant-cli-zip-D1Uufe/data/bafkreihsx7gg4vbjqpcjxlv6gd3ngsd2ufcg35fzhqw265x5i4x5aan2qa.json,/relationships/address_has_fact_sheet/0/from/street_name,"must match pattern ""^(?!.*(\b(E|N|NE|NW|S|SE|SW|W)\b)).*$""",2025-09-15T06:25:51.047Z
data,bafkreihsx7gg4vbjqpcjxlv6gd3ngsd2ufcg35fzhqw265x5i4x5aan2qa,/tmp/elephant-cli-zip-D1Uufe/data/bafkreihsx7gg4vbjqpcjxlv6gd3ngsd2ufcg35fzhqw265x5i4x5aan2qa.json,/relationships/file_has_fact_sheet/2/from/original_url,must be a valid URI starting with http:// or https://,2025-09-15T06:25:51.055Z
data,bafkreihsx7gg4vbjqpcjxlv6gd3ngsd2ufcg35fzhqw265x5i4x5aan2qa,/tmp/elephant-cli-zip-D1Uufe/data/bafkreihsx7gg4vbjqpcjxlv6gd3ngsd2ufcg35fzhqw265x5i4x5aan2qa.json,/relationships/file_has_fact_sheet/4/from/original_url,must be a valid URI starting with http:// or https://,2025-09-15T06:25:51.055Z
data,bafkreihsx7gg4vbjqpcjxlv6gd3ngsd2ufcg35fzhqw265x5i4x5aan2qa,/tmp/elephant-cli-zip-D1Uufe/data/bafkreihsx7gg4vbjqpcjxlv6gd3ngsd2ufcg35fzhqw265x5i4x5aan2qa.json,/relationships/property_has_address,must be null,2025-09-15T06:25:51.056Z
data,bafkreihsx7gg4vbjqpcjxlv6gd3ngsd2ufcg35fzhqw265x5i4x5aan2qa,/tmp/elephant-cli-zip-D1Uufe/data/bafkreihsx7gg4vbjqpcjxlv6gd3ngsd2ufcg35fzhqw265x5i4x5aan2qa.json,/relationships/property_has_address/to/street_name,"must match pattern ""^(?!.*(\b(E|N|NE|NW|S|SE|SW|W)\b)).*$""",2025-09-15T06:25:51.056Z
data,bafkreihsx7gg4vbjqpcjxlv6gd3ngsd2ufcg35fzhqw265x5i4x5aan2qa,/tmp/elephant-cli-zip-D1Uufe/data/bafkreihsx7gg4vbjqpcjxlv6gd3ngsd2ufcg35fzhqw265x5i4x5aan2qa.json,/relationships/property_has_address,must match a schema in anyOf,2025-09-15T06:25:51.056Z
data,bafkreihsx7gg4vbjqpcjxlv6gd3ngsd2ufcg35fzhqw265x5i4x5aan2qa,/tmp/elephant-cli-zip-D1Uufe/data/bafkreihsx7gg4vbjqpcjxlv6gd3ngsd2ufcg35fzhqw265x5i4x5aan2qa.json,/relationships/property_has_file/2/to/original_url,must be a valid URI starting with http:// or https://,2025-09-15T06:25:51.056Z
data,bafkreihsx7gg4vbjqpcjxlv6gd3ngsd2ufcg35fzhqw265x5i4x5aan2qa,/tmp/elephant-cli-zip-D1Uufe/data/bafkreihsx7gg4vbjqpcjxlv6gd3ngsd2ufcg35fzhqw265x5i4x5aan2qa.json,/relationships/property_has_file/4/to/original_url,must be a valid URI starting with http:// or https://,2025-09-15T06:25:51.056Z
