{"d":{"__type":"BCPAClient.WcfServiceBCPA.PropertyGeneralInfo","ExtensionData":{},"appraizerInfok__BackingField":[{"__type":"BCPAClient.WcfServiceBCPA.APPRInfoProps","ExtensionData":{},"department":"Commercial Property","email":"commercialtrim@bcpa.net","firstName":"Commercial","folioNumber":null,"lastName":"Department","phoneNumber":"954-357-6835"},{"__type":"BCPAClient.WcfServiceBCPA.APPRInfoProps","ExtensionData":{},"department":"Residential Property","email":"wbarringer@bcpa.net","firstName":"Residential","folioNumber":null,"lastName":"Department","phoneNumber":"954-357-6831"}],"millageRatek__BackingField":[{"ExtensionData":{},"millageRate":"19.1239","millageYear":"2024"}],"parcelInfok__BackingField":[{"__type":"BCPAClient.WcfServiceBCPA.ParcelInformationProps","ExtensionData":{},"actualAge":"","assessedLastTwoYearsValue":"","assessedLastYearValue":"","baths":"","beds":"","bldgLastTwoYearsValue":"0","bldgLastYearValue":"0","bldgSqFT":"0","bldgTotSqFootage":"","bldgUnderAirFootage":"","bldgValue":"0","book1":null,"book2":null,"book3":null,"book4":null,"book5":null,"bookAndPageOrCin1":"","bookAndPageOrCin2":"","bookAndPageOrCin3":"","bookAndPageOrCin4":"","bookAndPageOrCin5":"","cBrow":"","checkTrim":"Y","cityAHAmount":"0","cityMexAmount":"$1,700","cleanAssessment":"","cleanClass":"","cleanDistrict":"","comSohYear":"08","countyAHAmount":"0","countyCommDistrict":"1","countyCommName":"Nan H. Rich","countyMexAmount":"$1,700","deedType1":"","deedType2":"","deedType3":"","deedType4":"","deedType5":"","dpsc":"","drainageAssessment":"","drainageClass":"","drainageDistrict":"","effectiveAge":"0","elementarySchoolGrade":"","elementarySchoolName":"","exemptionType":"10","fireAssessment":"30","fireClass":"Everglades (E)","fireDistrict":"County Fire (01)","flHouseRepDistrict":"96","flHouseRepName":"Dan Daley","flSenatorDistrict":"35","flSenatorName":"Barbara Sharief","flatRateFlag":"","flatRateFlagText":"","folioNumber":"473725000010","garbageAssessment":"","garbageClass":"","garbageDistrict":"","grannyFlatReduction":"0","he1Amount":"0","he2Amount":"0","highSchoolGrade":"","highSchoolName":"","historicDistrict":"","homesteadFlag":", N","homesteadPercent":" ","improvementAssessment":"","improvementClass":"","improvementDistrict":"","independentAHAmount":"0","independentMexAmount":"$1,700","justLastTwoYearsValue":"$1,700","justLastYearValue":"$1,700","justOtherLastTwoYearsValue":"0","justOtherLastYearValue":"0","justOtherValue":"0","justValue":"$1,700","landCalcFact1":"33.95 Acre","landCalcFact2":null,"landCalcFact3":null,"landCalcFact4":null,"landCalcPrice1":"$50","landCalcPrice2":null,"landCalcPrice3":null,"landCalcPrice4":null,"landCalcType1":"Acreage","landCalcType2":null,"landCalcType3":null,"landCalcType4":null,"landCalcZoning":null,"landLastTwoYearsValue":"$1,700","landLastYearValue":"$1,700","landTag":"74","landValue":"$1,700","legal":"47-37 SEC 25 N 140,SEC 26 N 140           ","lightAssessment":"","lightClass":"","lightDistrict":"","mailingAddress1":"3400 W COMMERCIAL BLVD","mailingAddress2":"FORT LAUDERDALE, FL 33309-3421","middleSchoolGrade":"","middleSchoolName":"","millageCode":"0012","miscAssessment":"","miscClass":"","miscDistrict":"","multiNote":"","ncuPercent":"","neighborhood":" ","otherExemptValue":null,"ownerAlertVerified":0,"ownerName1":"FLORIDA DEPT OF TRANSPORTATION","ownerName2":"OFFICE OF RIGHT OF WAY","ownerShipType":null,"page1":null,"page2":null,"page3":null,"page4":null,"page5":null,"pairingCode":"","picturePath":"images/nopublicpicture.png","portabilityValue":"0","problemDeed":"","propertyAppraiser":"Marty Kiar","rejectedDeed":"","safeNeighborhoodAssessment":"","safeNeighborhoodClass":"","safeNeighborhoodDistrict":"","saleDate1":"","saleDate2":"","saleDate3":"","saleDate4":"","saleDate5":"","saleVerification1":"","saleVerification2":"","saleVerification3":"","saleVerification4":"","saleVerification5":"","schoolAHAmount":"0","schoolBoardName":"","schoolMexAmount":"$1,700","seniorExemptionCity":"0","seniorExemptionCounty":"0","situsAddress":null,"situsAddress1":"EVERGLADES","situsAddress2":null,"situsCity":"UNINCORPORATED","situsNoUnit":"EVERGLADES","situsStreetDirection":null,"situsStreetName":null,"situsStreetNumber":null,"situsStreetType":null,"situsZipCode":"33327","sohCappedValue":null,"sohLastTwoYearsValue":"$1,700","sohLastYearValue":"$1,700","sohSbValue":"$1,700","sohValue":"$1,700","sohYear":" ","stampAmount1":"","stampAmount2":"","stampAmount3":"","stampAmount4":"","stampAmount5":"","stormAssessment":"","stormClass":"","stormDistrict":"","taxableAmountCounty":"0","taxableAmountIndependent":"0","taxableAmountMunicipal":"0","taxableAmountSchoolBoard":"0","totalValue":0,"units":"0","usHouseRepDistrict":"20","usHouseRepName":"Sheila Cherfilus-McCormick","useCode":"82 - Forests, parks, recreational areas","useCodeName":null,"votingPrecinct":"","wvdValue":"0"}],"picturesListk__BackingField":[],"recentSalesk__BackingField":[]}}